{"classifier":{"examples":{"greetings":[[1,0,0,0,0,0,0,0,0,0,0,0,0,0,0,0,0,0,0,0,0,0,0,0,0,0,0,0,0,0,0],[0,1,0,0,0,0,0,0,0,0,0,0,0,0,0,0,0,0,0,0,0,0,0,0,0,0,0,0,0,0,0],[0,0,1,0,0,0,0,0,0,0,0,0,0,0,0,0,0,0,0,0,0,0,0,0,0,0,0,0,0,0,0],[0,0,0,1,1,0,0,0,0,0,0,0,0,0,0,0,0,0,0,0,0,0,0,0,0,0,0,0,0,0,0]],"about bot":[[0,0,0,0,0,1,0,0,0,0,0,0,0,0,0,0,0,0,0,0,0,0,0,0,0,0,0,0,0,0,0]],"scene":[[0,0,0,0,0,0,1,1,1,1,0,0,0,0,0,0,0,0,0,0,0,0,0,0,0,0,0,0,0,0,0],[0,0,0,0,0,0,0,1,0,0,1,1,0,0,0,0,0,0,0,0,0,0,0,0,0,0,0,0,0,0,0],[0,0,0,0,0,0,0,0,0,0,0,0,1,1,1,0,0,0,0,0,0,0,0,0,0,0,0,0,0,0,0]],"ecell":[[0,0,0,0,0,0,0,0,0,0,0,0,0,0,0,1,0,0,0,0,0,0,0,0,0,0,0,0,0,0,0],[0,0,0,0,0,0,0,0,0,0,0,0,0,0,0,0,1,0,0,0,0,0,0,0,0,0,0,0,0,0,0],[0,0,0,0,0,0,0,0,0,0,0,0,0,0,0,0,0,1,0,0,0,0,0,0,0,0,0,0,0,0,0],[0,0,0,0,0,0,0,0,0,0,0,0,0,0,0,0,0,0,1,0,0,0,0,0,0,0,0,0,0,0,0],[0,0,0,0,0,0,0,0,0,0,0,0,0,0,0,0,0,0,0,1,0,0,0,0,0,0,0,0,0,0,0]],"beiser":[[0,0,0,0,0,0,0,0,0,0,0,0,0,0,0,0,0,0,0,0,1,1,0,0,0,0,0,0,0,0,0],[0,0,0,0,0,0,0,0,0,0,0,0,0,0,0,0,0,0,0,0,0,0,1,1,1,1,0,0,0,0,0]],"ikbh":[[0,0,0,0,0,0,0,0,0,1,0,0,0,0,0,0,0,0,0,0,0,0,0,0,0,0,1,1,1,1,1]]},"features":[],"featurePositions":{},"maxFeaturePosition":0,"classifications":["greetings","about bot","scene","ecell","beiser","ikbh"],"exampleCount":16,"theta":[{"elements":[4.8743257454780045,4.8743257454780045,4.8743257454780045,2.8099579845436957,2.8099579845436957,-2.2463933699359226,-0.6421746124113623,-1.5925293550104178,-0.6421746124113623,-1.2312737405009284,-0.9503547425990548,-0.9503547425990548,-1.1046720950467048,-1.1046720950467048,-1.1046720950467048,-2.2463933699359226,-2.2463933699359226,-2.2463933699359226,-2.2463933699359226,-2.2463933699359226,-1.4565715897141005,-1.4565715897141005,-0.9002777636417183,-0.9002777636417183,-0.9002777636417183,-0.9002777636417183,-0.5890991280895661,-0.5890991280895661,-0.5890991280895661,-0.5890991280895661,-0.5890991280895661]},{"elements":[-0.8209002361293927,-0.8209002361293927,-0.8209002361293927,-0.6383391796981928,-0.6383391796981928,6.232070990948797,-0.3616415613009882,-0.8325808305124633,-0.3616415613009882,-0.6951353267974788,-0.4709392692114748,-0.4709392692114748,-0.5312678433894769,-0.5312678433894769,-0.5312678433894769,-0.8209002361293927,-0.8209002361293927,-0.8209002361293927,-0.8209002361293927,-0.8209002361293927,-0.6383391796981928,-0.6383391796981928,-0.4593842037369785,-0.4593842037369785,-0.4593842037369785,-0.4593842037369785,-0.3334937654964904,-0.3334937654964904,-0.3334937654964904,-0.3334937654964904,-0.3334937654964904]},{"elements":[-0.8366572391944687,-0.8366572391944687,-0.8366572391944687,-0.6505748801338197,-0.6505748801338197,-0.8366572391944687,1.6038490826369238,3.5854347165809335,1.6038490826369238,1.0768892941293173,1.9815856339440112,1.9815856339440112,2.43864913955116,2.43864913955116,2.43864913955116,-0.8366572391944687,-0.8366572391944687,-0.8366572391944687,-0.8366572391944687,-0.8366572391944687,-0.6505748801338197,-0.6505748801338197,-0.4680651722197826,-0.4680651722197826,-0.4680651722197826,-0.4680651722197826,-0.5269597885076057,-0.5269597885076057,-0.5269597885076057,-0.5269597885076057,-0.5269597885076057]},{"elements":[-3.042310698547767,-3.042310698547767,-3.042310698547767,-1.87322437073344,-1.87322437073344,-3.042310698547767,-0.7708098308164898,-1.9578789493381243,-0.7708098308164898,-1.4805614992087928,-1.1870691185216335,-1.1870691185216335,-1.3862807875686887,-1.3862807875686887,-1.3862807875686887,4.09187186006956,4.09187186006956,4.09187186006956,4.09187186006956,4.09187186006956,-1.87322437073344,-1.87322437073344,-1.1127719816859512,-1.1127719816859512,-1.1127719816859512,-1.1127719816859512,-0.7097516683923025,-0.7097516683923025,-0.7097516683923025,-0.7097516683923025,-0.7097516683923025]},{"elements":[-0.7779526669756953,-0.7779526669756953,-0.7779526669756953,-0.6116633062984917,-0.6116633062984917,-0.7779526669756953,-0.3523811978295749,-0.8075849394404137,-0.3523811978295749,-0.6776129701535061,-0.4552037416108382,-0.4552037416108382,-0.5122470790855752,-0.5122470790855752,-0.5122470790855752,-0.7779526669756953,-0.7779526669756953,-0.7779526669756953,-0.7779526669756953,-0.7779526669756953,3.467927094768712,3.467927094768712,1.920740170714771,1.920740170714771,1.920740170714771,1.920740170714771,-0.3252317723239313,-0.3252317723239313,-0.3252317723239313,-0.3252317723239313,-0.3252317723239313]},{"elements":[-0.4344995215441275,-0.4344995215441275,-0.4344995215441275,-0.37321077321385887,-0.37321077321385887,-0.4344995215441275,-0.40025111872668323,-0.6931262221099157,-0.40025111872668323,1.0385874289851713,-0.29287510338323214,-0.29287510338323214,-0.33023657797506806,-0.33023657797506806,-0.33023657797506806,-0.4344995215441275,-0.4344995215441275,-0.4344995215441275,-0.4344995215441275,-0.4344995215441275,-0.37321077321385887,-0.37321077321385887,-0.29804099096736864,-0.29804099096736864,-0.29804099096736864,-0.29804099096736864,1.438838547711856,1.438838547711856,1.438838547711856,1.438838547711856,1.438838547711856]}]},"docs":[{"label":"greetings","text":["hei"]},{"label":"greetings","text":["yo"]},{"label":"greetings","text":["hello"]},{"label":"greetings","text":["aur","bhai"]},{"label":"about bot","text":["purpos"]},{"label":"scene","text":["arr","kya","scene","hai"]},{"label":"scene","text":["app","banaun","kya"]},{"label":"scene","text":["dot","messag","karna"]},{"label":"ecell","text":["ecel"]},{"label":"ecell","text":["familia"]},{"label":"ecell","text":["serious"]},{"label":"ecell","text":["liter"]},{"label":"ecell","text":["cring"]},{"label":"beiser","text":["blacksquad","aajaao"]},{"label":"beiser","text":["yaar","kuch","nhi","padha"]},{"label":"ikbh","text":["mere","paa","xbox","hai","mere","dost","banog"]}],"features":{"hei":1,"yo":1,"hello":1,"aur":1,"bhai":1,"purpos":1,"arr":1,"kya":2,"scene":1,"hai":2,"app":1,"banaun":1,"dot":1,"messag":1,"karna":1,"ecel":1,"familia":1,"serious":1,"liter":1,"cring":1,"blacksquad":1,"aajaao":1,"yaar":1,"kuch":1,"nhi":1,"padha":1,"mere":2,"paa":1,"xbox":1,"dost":1,"banog":1},"stemmer":{},"lastAdded":16,"events":{"domain":null,"_events":{},"_eventsCount":0}}